Batch_ID,T80
Test-01,70.44966
Test-02,26.620943
Test-03,19.039715
Test-04,21.03186
Test-05,21.548565
Test-06,83.0331
Test-07,67.325325
Test-08,4.6618266
Test-09,20.735825
